symbol,name
AADI.JK,Adaro Andalan Indonesia Tbk.
AALI.JK,PT Astra Agro Lestari Tbk
ABBA.JK,PT Mahaka Media Tbk
ABDA.JK,PT Asuransi Bina Dana Arta Tbk
ABMM.JK,PT ABM Investama Tbk
ACES.JK,PT Aspirasi Hidup Indonesia Tbk
ACRO.JK,Samcro Hyosung Adilestari Tbk.
ACST.JK,PT Acset Indonusa Tbk
ADES.JK,PT Akasha Wira International Tbk
ADHI.JK,PT Adhi Karya (Persero) Tbk
ADMF.JK,PT Adira Dinamika Multi Finance Tbk
ADMG.JK,PT. Polychem Indonesia Tbk
ADMR.JK,PT Alamtri Minerals Indonesia Tbk
ADRO.JK,PT Alamtri Resources Indonesia Tbk
AEGS.JK,PT. Anugerah Spareparts Sejahtera Tbk
AGAR.JK,PT Asia Sejahtera Mina Tbk
AGII.JK,PT Samator Indo Gas Tbk
AGRO.JK,PT Bank Raya Indonesia Tbk
AGRS.JK,PT Bank IBK Indonesia Tbk
AHAP.JK,PT Asuransi Harta Aman Pratama Tbk
AIMS.JK,PT Artha Mahiya Investama Tbk
AISA.JK,PT FKS Food Sejahtera Tbk
AKPI.JK,PT Argha Karya Prima Industry Tbk
AKRA.JK,PT AKR Corporindo Tbk
AKSI.JK,PT Mineral Sumberdaya Mandiri Tbk
ALDO.JK,PT Alkindo Naratama Tbk
ALII.JK,Ancara Logistics Indonesia Tbk.
ALKA.JK,PT Alakasa Industrindo Tbk
AMAG.JK,PT Asuransi Multi Artha Guna Tbk
AMAN.JK,PT Makmur Berkah Amanda Tbk
AMAR.JK,PT Bank Amar Indonesia Tbk
AMFG.JK,PT Asahimas Flat Glass Tbk
AMIN.JK,PT Ateliers Mecaniques D'Indonesie Tbk
AMMN.JK,PT Amman Mineral Internasional Tbk
AMMS.JK,PT Agung Menjangan Mas Tbk
AMOR.JK,PT Ashmore Asset Management Indonesia Tbk
AMRT.JK,PT Sumber Alfaria Trijaya Tbk
ANDI.JK,"PT Andira Agro, Tbk"
ANJT.JK,PT Austindo Nusantara Jaya Tbk
ANTM.JK,PT Antam (Persero) Tbk
APEX.JK,PT Apexindo Pratama Duta Tbk
APIC.JK,PT Pacific Strategic Financial Tbk
APII.JK,PT Arita Prima Indonesia Tbk
APLI.JK,PT Asiaplast Industries Tbk
APLN.JK,PT Agung Podomoro Land Tbk
ARCI.JK,PT Archi Indonesia Tbk
AREA.JK,Dunia Virtual Online Tbk.
ARGO.JK,PT Argo Pantes Tbk
ARII.JK,PT Atlas Resources Tbk
ARKA.JK,PT Arkha Jayanti Persada Tbk
ARKO.JK,PT Arkora Hydro Tbk
ARNA.JK,PT Arwana Citramulia Tbk
ARTA.JK,PT Arthavest Tbk
ARTO.JK,PT Bank Jago Tbk
ASBI.JK,PT Asuransi Bintang Tbk
ASDM.JK,PT Asuransi Dayin Mitra Tbk
ASGR.JK,PT Astra Graphia Tbk
ASHA.JK,PT Cilacap Samudera Fishing Industry Tbk
ASII.JK,PT Astra International Tbk
ASJT.JK,PT Asuransi Jasa Tania Tbk
ASLC.JK,PT Autopedia Sukses Lestari Tbk
ASLI.JK,Asri Karya Lestari Tbk.
ASMI.JK,PT Asuransi Maximus Graha Persada Tbk
ASPI.JK,PT Andalan Sakti Primaindo Tbk
ASPR.JK,Asia Pramulia Tbk.
ASRI.JK,PT Alam Sutera Realty Tbk
ASRM.JK,PT Asuransi Ramayana Tbk
ASSA.JK,PT Adi Sarana Armada Tbk
ATAP.JK,PT Trimitra Prawara Goldland Tbk
ATIC.JK,PT Anabatic Technologies Tbk
ATLA.JK,Atlantis Subsea Indonesia Tbk.
AUTO.JK,PT Astra Otoparts Tbk
AVIA.JK,PT Avia Avian Tbk
AWAN.JK,PT Era Digital Media Tbk
AXIO.JK,PT Tera Data Indonusa Tbk
AYAM.JK,Janu Putra Sejahtera Tbk.
AYLS.JK,PT Agro Yasa Lestari Tbk
BABP.JK,PT Bank MNC Internasional Tbk
BABY.JK,PT Multitrend Indo Tbk
BACA.JK,PT Bank Capital Indonesia Tbk
BAIK.JK,Bersama Mencapai Puncak Tbk.
BAJA.JK,PT Saranacentral Bajatama Tbk
BALI.JK,PT Bali Towerindo Sentra Tbk
BANK.JK,PT Bank Aladin Syariah Tbk
BAPA.JK,PT Bekasi Asri Pemula Tbk
BAPI.JK,PT Bhakti Agung Propertindo Tbk
BATA.JK,PT Sepatu Bata Tbk.
BATR.JK,Benteng Api Technic Tbk.
BAUT.JK,PT Mitra Angkasa Sejahtera Tbk
BAYU.JK,PT Bayu Buana Tbk
BBCA.JK,PT Bank Central Asia Tbk
BBHI.JK,PT Allo Bank Indonesia Tbk
BBKP.JK,PT Bank KB Indonesia Tbk
BBLD.JK,PT Buana Finance Tbk
BBMD.JK,PT Bank Mestika Dharma Tbk
BBNI.JK,PT Bank Negara Indonesia (Persero) Tbk
BBRI.JK,PT Bank Rakyat Indonesia (Persero) Tbk
BBRM.JK,PT Pelayaran Nasional Bina Buana Raya Tbk
BBSI.JK,PT Krom Bank Indonesia Tbk
BBSS.JK,PT Bumi Benowo Sukses Sejahtera Tbk
BBTN.JK,PT Bank Tabungan Negara (Persero) Tbk
BBYB.JK,PT Bank Neo Commerce Tbk
BCAP.JK,PT MNC Kapital Indonesia Tbk
BCIC.JK,PT Bank JTrust Indonesia Tbk
BCIP.JK,PT Bumi Citra Permai Tbk
BDKR.JK,PT Berdikari Pondasi Perkasa Tbk
BDMN.JK,PT Bank Danamon Indonesia Tbk
BEEF.JK,PT Estika Tata Tiara Tbk
BEER.JK,PT Jobubu Jarum Minahasa Tbk
BEKS.JK,"PT. Bank Pembangunan Daerah Banten, Tbk"
BELI.JK,PT Global Digital Niaga Tbk
BELL.JK,PT Trisula Textile Industries Tbk
BESS.JK,PT Batulicin Nusantara Maritim Tbk
BEST.JK,PT Bekasi Fajar Industrial Estate Tbk
BFIN.JK,PT BFI Finance Indonesia Tbk
BGTG.JK,PT Bank Ganesha Tbk
BHAT.JK,PT Bhakti Multi Artha Tbk
BHIT.JK,PT MNC Asia Holding Tbk
BINA.JK,PT Bank Ina Perdana Tbk
BINO.JK,PT Perma Plasindo Tbk
BIPI.JK,PT Astrindo Nusantara Infrastruktur Tbk
BIPP.JK,PT Bhuwanatala Indah Permai Tbk
BIRD.JK,PT Blue Bird Tbk
BISI.JK,PT BISI International Tbk
BJBR.JK,PT Bank Pembangunan Daerah Jawa Barat dan Banten Tbk
BJTM.JK,PT Bank Pembangunan Daerah Jawa Timur Tbk
BKDP.JK,PT Bukit Darmo Property Tbk
BKSL.JK,PT Sentul City Tbk
BKSW.JK,PT Bank QNB Indonesia Tbk
BLES.JK,Superior Prima Sukses Tbk.
BLOG.JK,Trimitra Trans Persada Tbk.
BLTA.JK,PT Berlian Laju Tanker Tbk
BLTZ.JK,PT Graha Layar Prima Tbk
BLUE.JK,PT Berkah Prima Perkasa Tbk
BMAS.JK,PT Bank Maspion Indonesia Tbk
BMBL.JK,PT Lavender Bina Cendikia Tbk
BMHS.JK,PT Bundamedik Tbk
BMRI.JK,PT Bank Mandiri (Persero) Tbk
BMSR.JK,PT Bintang Mitra Semestaraya Tbk
BMTR.JK,PT Global Mediacom Tbk
BNBA.JK,PT Bank Bumi Arta Tbk
BNBR.JK,PT Bakrie & Brothers Tbk
BNGA.JK,PT Bank CIMB Niaga Tbk
BNII.JK,PT Bank Maybank Indonesia Tbk
BNLI.JK,PT Bank Permata Tbk
BOAT.JK,PT Newport Marine Services TBK
BOBA.JK,PT Formosa Ingredient Factory Tbk
BOGA.JK,PT Apollo Global Interactive Tbk
BOLA.JK,PT Bali Bintang Sejahtera Tbk
BOLT.JK,PT Garuda Metalindo Tbk
BPFI.JK,PT Woori Finance Indonesia Tbk
BPII.JK,PT Batavia Prosperindo Internasional Tbk
BPTR.JK,PT Batavia Prosperindo Trans Tbk
BRAM.JK,PT Indo Kordsa Tbk
BREN.JK,PT Barito Renewables Energy Tbk
BRIS.JK,PT Bank Syariah Indonesia Tbk
BRMS.JK,PT Bumi Resources Minerals Tbk
BRNA.JK,PT Berlina Tbk
BRPT.JK,PT Barito Pacific Tbk
BRRC.JK,Raja Roti Cemerlang Tbk.
BSBK.JK,PT Wulandari Bangun Laksana Tbk
BSDE.JK,PT Bumi Serpong Damai Tbk
BSIM.JK,PT Bank Sinarmas Tbk
BSML.JK,PT Bintang Samudera Mandiri Lines Tbk
BSSR.JK,PT Baramulti Suksessarana Tbk
BTEK.JK,PT Bumi Teknokultura Unggul Tbk
BTON.JK,PT Betonjaya Manunggal Tbk
BTPN.JK,PT Bank SMBC Indonesia Tbk
BTPS.JK,PT Bank BTPN Syariah Tbk
BUAH.JK,PT Segar Kumala Indonesia Tbk
BUDI.JK,PT Budi Starch & Sweetener Tbk
BUKA.JK,PT Bukalapak.com Tbk.
BUKK.JK,PT Bukaka Teknik Utama Tbk.
BULL.JK,PT Buana Lintas Lautan Tbk
BUMI.JK,PT Bumi Resources Tbk
BUVA.JK,PT Bukit Uluwatu Villa Tbk
BVIC.JK,PT Bank Victoria International Tbk
BWPT.JK,PT Eagle High Plantations Tbk
BYAN.JK,PT Bayan Resources Tbk.
CAKK.JK,PT Cahayaputra Asa Keramik Tbk
CAMP.JK,"PT Campina Ice Cream Industry, Tbk."
CANI.JK,PT Capitol Nusantara Indonesia Tbk
CARE.JK,PT Metro Healthcare Indonesia Tbk
CARS.JK,PT Industri dan Perdagangan Bintraco Dharma Tbk
CASA.JK,PT Capital Financial Indonesia Tbk
CASH.JK,PT Cashlez Worldwide Indonesia Tbk
CASS.JK,PT Cahaya Aero Services Tbk
CBDK.JK,Bangun Kosambi Sukses Tbk.
CBPE.JK,PT Citra Buana Prasida Tbk
CBRE.JK,PT Cakra Buana Resources Energi Tbk
CBUT.JK,PT Citra Borneo Utama Tbk
CCSI.JK,PT Communication Cable Systems Indonesia Tbk
CDIA.JK,Chandra Daya Investasi Tbk.
CEKA.JK,PT Wilmar Cahaya Indonesia Tbk.
CENT.JK,PT Centratama Telekomunikasi Indonesia Tbk
CFIN.JK,PT. Clipan Finance Indonesia Tbk
CGAS.JK,Citra Nusantara Gemilang Tbk.
CHEK.JK,Diastika Biotekindo Tbk.
CHEM.JK,PT Chemstar Indonesia Tbk
CHIP.JK,PT Pelita Teknologi Global Tbk
CINT.JK,PT Chitose Internasional Tbk
CITA.JK,PT Cita Mineral Investindo Tbk
CITY.JK,PT Natura City Developments Tbk
CLAY.JK,PT Citra Putra Realty Tbk
CLEO.JK,PT Sariguna Primatirta Tbk
CLPI.JK,PT Colorpak Indonesia Tbk
CMNP.JK,PT Citra Marga Nusaphala Persada Tbk
CMNT.JK,PT Cemindo Gemilang Tbk
CMPP.JK,PT AirAsia Indonesia Tbk
CMRY.JK,PT Cisarua Mountain Dairy Tbk
CNKO.JK,PT Exploitasi Energi Indonesia Tbk
CNMA.JK,PT Nusantara Sejahtera Raya Tbk
COAL.JK,PT Black Diamond Resources Tbk
COCO.JK,PT Wahana Interfood Nusantara Tbk
COIN.JK,Indokripto Koin Semesta Tbk.
CPIN.JK,PT Charoen Pokphand Indonesia Tbk
CPRO.JK,PT Central Proteina Prima Tbk
CRAB.JK,PT Toba Surimi Industries Tbk
CRSN.JK,PT Carsurin Tbk
CSAP.JK,PT Catur Sentosa Adiprana Tbk
CSIS.JK,PT Cahayasakti Investindo Sukses Tbk
CSMI.JK,PT Cipta Selera Murni Tbk
CSRA.JK,PT Cisadane Sawit Raya Tbk
CTBN.JK,PT Citra Tubindo Tbk
CTRA.JK,PT Ciputra Development Tbk
CTTH.JK,PT Citatah Tbk
CUAN.JK,PT Petrindo Jaya Kreasi Tbk
CYBR.JK,PT ITSEC Asia Tbk
DAAZ.JK,Daaz Bara Lestari Tbk.
DADA.JK,PT Diamond Citra Propertindo Tbk
DART.JK,PT Duta Anggada Realty Tbk.
DATA.JK,Remala Abadi Tbk.
DAYA.JK,PT Duta Intidaya Tbk
DCII.JK,PT DCI Indonesia Tbk
DEFI.JK,PT Danasupra Erapacific Tbk
DEPO.JK,PT Caturkarda Depo Bangunan Tbk
DEWA.JK,PT Darma Henwa Tbk
DEWI.JK,PT Dewi Shri Farmindo Tbk.
DFAM.JK,PT Dafam Property Indonesia Tbk
DGIK.JK,PT Nusa Konstruksi Enjiniring Tbk
DGNS.JK,PT Diagnos Laboratorium Utama Tbk
DGWG.JK,Delta Giri Wacana Tbk.
DIGI.JK,PT Arkadia Digital Media Tbk
DILD.JK,PT Intiland Development Tbk
DIVA.JK,PT Distribusi Voucher Nusantara Tbk
DKFT.JK,PT Central Omega Resources Tbk
DKHH.JK,Cipta Sarana Medika Tbk.
DLTA.JK,PT Delta Djakarta Tbk
DMAS.JK,PT Puradelta Lestari Tbk
DMMX.JK,PT Digital Mediatama Maxima Tbk
DMND.JK,PT Diamond Food Indonesia Tbk
DNAR.JK,PT Bank Oke Indonesia Tbk
DNET.JK,PT Indoritel Makmur Internasional Tbk.
DOID.JK,PT Buma Internasional Grup Tbk
DOOH.JK,PT Era Media Sejahtera Tbk
DOSS.JK,Global Sukses Digital Tbk.
DPUM.JK,PT Dua Putra Utama Makmur Tbk
DRMA.JK,PT Dharma Polimetal Tbk
DSFI.JK,PT Dharma Samudera Fishing Industries Tbk
DSNG.JK,PT Dharma Satya Nusantara Tbk
DSSA.JK,PT Dian Swastatika Sentosa Tbk
DUTI.JK,PT Duta Pertiwi Tbk
DVLA.JK,PT Darya-Varia Laboratoria Tbk
DWGL.JK,PT Dwi Guna Laksana Tbk
DYAN.JK,PT Dyandra Media International Tbk
EAST.JK,PT Eastparc Hotel Tbk
ECII.JK,PT Electronic City Indonesia Tbk
EKAD.JK,PT Ekadharma International Tbk
ELIT.JK,PT Data Sinergitama Jaya Tbk
ELPI.JK,PT Pelayaran Nasional Ekalya Purnamasari Tbk
ELSA.JK,PT Elnusa Tbk
ELTY.JK,PT Bakrieland Development Tbk
EMAS.JK,PT Merdeka Gold Resources Tbk
EMDE.JK,PT Megapolitan Developments Tbk
EMTK.JK,PT Elang Mahkota Teknologi Tbk
ENAK.JK,PT Champ Resto Indonesia Tbk
ENRG.JK,PT Energi Mega Persada Tbk
ENZO.JK,PT Morenzo Abadi Perkasa Tbk
EPAC.JK,PT Megalestari Epack Sentosaraya Tbk
EPMT.JK,PT Enseval Putera Megatrading Tbk.
ERAA.JK,PT Erajaya Swasembada Tbk
ERAL.JK,PT Sinar Eka Selaras Tbk
ERTX.JK,PT Eratex Djaja Tbk
ESIP.JK,PT Sinergi Inti Plastindo Tbk
ESSA.JK,PT ESSA Industries Indonesia Tbk.
ESTA.JK,PT Esta Multi Usaha Tbk
ESTI.JK,PT Ever Shine Tex Tbk
EURO.JK,PT Estee Gold Feet Tbk
EXCL.JK,PT XLSMART Telecom Sejahtera Tbk
FAPA.JK,PT FAP Agri Tbk
FAST.JK,PT Fast Food Indonesia Tbk
FILM.JK,PT.MD Entertainment Tbk
FIRE.JK,PT Alfa Energi Investama Tbk
FISH.JK,PT FKS Multi Agro Tbk
FITT.JK,PT Hotel Fitra International Tbk
FLMC.JK,PT Falmaco Nonwoven Industri Tbk
FMII.JK,PT Fortune Mate Indonesia Tbk
FOLK.JK,PT Multi Garam Utama Tbk
FOOD.JK,PT Sentra Food Indonesia Tbk
FORE.JK,PT Fore Kopi Indonesia Tbk
FORU.JK,PT Fortune Indonesia Tbk
FPNI.JK,PT Lotte Chemical Titan Tbk
FUJI.JK,PT Fuji Finance Indonesia Tbk
FUTR.JK,PT Futura Energi Global Tbk
FWCT.JK,PT Wijaya Cahaya Timber Tbk
GDST.JK,PT Gunawan Dianjaya Steel Tbk
GDYR.JK,PT Goodyear Indonesia Tbk
GEMA.JK,PT Gema Grahasarana Tbk
GEMS.JK,PT Golden Energy Mines Tbk
GGRM.JK,PT Gudang Garam Tbk
GGRP.JK,PT Gunung Raja Paksi Tbk
GHON.JK,PT Gihon Telekomunikasi Indonesia Tbk
GIAA.JK,PT. Garuda Indonesia (Persero) Tbk
GJTL.JK,PT. Gajah Tunggal Tbk
GLVA.JK,PT Galva Technologies Tbk
GMFI.JK,PT Garuda Maintenance Facility Aero Asia Tbk
GMTD.JK,PT Gowa Makassar Tourism Development Tbk
GOLD.JK,PT Merdeka Gold Resources Tbk
GOLF.JK,Intra Golflink Resorts Tbk.
GOOD.JK,PT Garudafood Putra Putri Jaya Tbk
GOTO.JK,PT GoTo Gojek Tokopedia Tbk
GPRA.JK,PT Perdana Gapuraprima Tbk
GPSO.JK,PT Geoprima Solusi Tbk
GRIA.JK,PT Ingria Pratama Capitalindo Tbk
GRPH.JK,Griptha Putra Persada Tbk.
GRPM.JK,PT Graha Prima Mentari Tbk
GSMF.JK,PT Equity Development Investment Tbk
GTBO.JK,PT Garda Tujuh Buana Tbk
GTRA.JK,PT Grahaprima Suksesmandiri Tbk
GTSI.JK,PT GTS Internasional Tbk
GULA.JK,PT Aman Agrindo Tbk
GUNA.JK,Gunanusa Eramandiri Tbk.
GWSA.JK,PT Greenwood Sejahtera Tbk
GZCO.JK,PT Gozco Plantations Tbk
HADE.JK,PT Himalaya Energi Perkasa Tbk
HAIS.JK,PT Hasnur Internasional Shipping Tbk
HAJJ.JK,PT Arsy Buana Travelindo Tbk
HALO.JK,PT Haloni Jane Tbk
HATM.JK,PT Habco Trans Maritima Tbk
HBAT.JK,PT Minahasa Membangun Hebat Tbk
HDFA.JK,PT Radana Bhaskara Finance Tbk
HDIT.JK,PT Hensel Davest Indonesia Tbk
HEAL.JK,PT Medikaloka Hermina Tbk
HELI.JK,PT Jaya Trishindo Tbk
HERO.JK,PT DFI Retail Nusantara Tbk
HEXA.JK,PT Hexindo Adiperkasa Tbk
HGII.JK,Hero Global Investment Tbk.
HILL.JK,PT Hillcon Tbk
HMSP.JK,PT Hanjaya Mandala Sampoerna Tbk
HOKI.JK,PT Buyung Poetra Sembada Tbk
HOMI.JK,PT Grand House Mulia Tbk
HOPE.JK,PT Harapan Duta Pertiwi Tbk
HRME.JK,PT Menteng Heritage Realty Tbk
HRTA.JK,PT Hartadinata Abadi Tbk
HRUM.JK,PT Harum Energy Tbk
HUMI.JK,PT Humpuss Maritim Internasional Tbk
HYGN.JK,Ecocare Indo Pasifik Tbk.
IATA.JK,PT MNC Energy Investments Tbk
IBFN.JK,PT Intan Baru Prana Tbk
IBOS.JK,PT Indo Boga Sukses Tbk
ICBP.JK,PT Indofood CBP Sukses Makmur Tbk
ICON.JK,PT Island Concepts Indonesia Tbk
IDEA.JK,PT Idea Indonesia Akademi Tbk
IDPR.JK,PT Indonesia Pondasi Raya Tbk
IFII.JK,PT Indonesia Fibreboard Industry Tbk
IFSH.JK,PT Ifishdeco Tbk
IGAR.JK,PT Champion Pacific Indonesia Tbk
IKAI.JK,PT Intikeramik Alamasri Industri Tbk
IKAN.JK,PT Era Mandiri Cemerlang Tbk
IKBI.JK,PT Sumi Indo Kabel Tbk
IKPM.JK,Ikapharmindo Putramas Tbk.
IMAS.JK,PT Indomobil Sukses Internasional Tbk
IMJS.JK,PT Indomobil Multi Jasa Tbk
IMPC.JK,PT Impack Pratama Industri Tbk
INAI.JK,PT Indal Aluminium Industry Tbk
INCF.JK,PT Indo Komoditi Korpora Tbk
INCI.JK,PT Intanwijaya Internasional Tbk
INCO.JK,PT Vale Indonesia Tbk
INDF.JK,PT Indofood Sukses Makmur Tbk
INDO.JK,PT Royalindo Investa Wijaya Tbk
INDR.JK,PT. Indo-Rama Synthetics Tbk
INDS.JK,PT Indospring Tbk
INDX.JK,PT Tanah Laut Tbk
INDY.JK,PT. Indika Energy Tbk
INET.JK,PT Sinergi Inti Andalan Prima Tbk
INKP.JK,PT Indah Kiat Pulp & Paper Tbk
INOV.JK,PT Inocycle Technology Group Tbk
INPC.JK,PT Bank Artha Graha Internasional Tbk
INPP.JK,PT Indonesian Paradise Property Tbk
INPS.JK,PT Indah Prakasa Sentosa Tbk
INTA.JK,PT Intraco Penta Tbk
INTD.JK,PT Inter Delta Tbk
INTP.JK,PT Indocement Tunggal Prakarsa Tbk
IOTF.JK,PT Sumber Sinergi Makmur Tbk
IPAC.JK,PT Era Graharealty Tbk
IPCC.JK,PT Indonesia Kendaraan Terminal Tbk
IPCM.JK,PT Jasa Armada Indonesia Tbk
IPOL.JK,PT Indopoly Swakarsa Industry Tbk
IPTV.JK,PT MNC Vision Networks Tbk
IRRA.JK,PT Itama Ranoraya Tbk
IRSX.JK,PT Folago Global Nusantara Tbk
ISAP.JK,PT Isra Presisi Indonesia Tbk
ISAT.JK,PT Indosat Ooredoo Hutchison Tbk
ISEA.JK,Indo American Seafoods Tbk.
ISSP.JK,PT Steel Pipe Industry of Indonesia Tbk
ITIC.JK,PT Indonesian Tobacco Tbk
ITMA.JK,PT Sumber Energi Andalan Tbk
ITMG.JK,PT Indo Tambangraya Megah Tbk
JARR.JK,PT Jhonlin Agro Raya Tbk
JAST.JK,PT. Jasnita Telekomindo Tbk
JATI.JK,PT Informasi Teknologi Indonesia Tbk
JAWA.JK,PT Jaya Agra Wattie Tbk
JAYA.JK,PT Armada Berjaya Trans Tbk
JECC.JK,PT Jembo Cable Company Tbk
JGLE.JK,PT Graha Andrasentra Propertindo Tbk
JIHD.JK,PT Jakarta International Hotels & Development Tbk
JKON.JK,PT Jaya Konstruksi Manggala Pratama Tbk
JMAS.JK,PT Asuransi Jiwa Syariah Jasa Mitra Abadi Tbk
JPFA.JK,PT Japfa Comfeed Indonesia Tbk
JRPT.JK,"PT Jaya Real Property, Tbk."
JSMR.JK,PT Jasa Marga (Persero) Tbk
JSPT.JK,PT Jakarta Setiabudi Internasional Tbk
JTPE.JK,PT Jasuindo Tiga Perkasa Tbk
KAEF.JK,PT Kimia Farma Tbk
KAQI.JK,Jantra Grupo Indonesia Tbk.
KARW.JK,PT Meratus Jasa Prima Tbk
KBAG.JK,PT Karya Bersama Anugerah Tbk
KBLI.JK,PT KMI Wire and Cable Tbk
KBLM.JK,PT Kabelindo Murni Tbk
KBLV.JK,PT First Media Tbk
KDSI.JK,PT Kedawung Setia Industrial Tbk
KDTN.JK,PT Puri Sentul Permai Tbk
KEEN.JK,PT Kencana Energi Lestari Tbk
KEJU.JK,PT Mulia Boga Raya Tbk
KETR.JK,PT Ketrosden Triasmitra
KICI.JK,PT Kedaung Indah Can Tbk
KIJA.JK,PT Kawasan Industri Jababeka Tbk
KING.JK,PT Hoffmen Cleanindo Tbk
KINO.JK,PT Kino Indonesia Tbk
KIOS.JK,PT Kioson Komersial Indonesia Tbk
KJEN.JK,PT Krida Jaringan Nusantara Tbk
KKES.JK,PT Kusuma Kemindo Sentosa Tbk
KKGI.JK,PT Resource Alam Indonesia Tbk
KLAS.JK,PT Pelayaran Kurnia Lautan Semesta Tbk
KLBF.JK,PT Kalbe Farma Tbk.
KLIN.JK,PT Klinko Karya Imaji Tbk
KMDS.JK,"PT Kurniamitra Duta Sentosa, Tbk"
KMTR.JK,PT Kirana Megatara Tbk
KOBX.JK,PT Kobexindo Tractors Tbk
KOCI.JK,PT Kokoh Exa Nusantara Tbk
KOIN.JK,PT Kokoh Inti Arebama Tbk
KOKA.JK,PT Koka Indonesia Tbk
KONI.JK,PT Perdana Bangun Pusaka Tbk
KOPI.JK,PT Mitra Energi Persada Tbk
KOTA.JK,PT DMS Propertindo Tbk
KPIG.JK,PT MNC Tourism Indonesia Tbk
KRAS.JK,PT Krakatau Steel (Persero) Tbk
KREN.JK,PT Quantum Clovera Investama Tbk
KRYA.JK,PT Bangun Karya Perkasa Jaya Tbk
KSIX.JK,Kentanix Supra International Tb
KUAS.JK,PT Ace Oldfields Tbk
LABA.JK,PT Green Power Group Tbk
LABS.JK,UBC Medical Indonesia Tbk.
LAJU.JK,PT Jasa Berdikari Logistics Tbk
LAND.JK,PT Trimitra Propertindo Tbk
LAPD.JK,PT Leyand International Tbk
LCKM.JK,PT LCK Global Kedaton Tbk
LEAD.JK,PT Logindo Samudramakmur Tbk.
LFLO.JK,PT Imago Mulia Persada Tbk
LIFE.JK,PT MSIG Life Insurance Indonesia Tbk
LINK.JK,PT Link Net Tbk
LION.JK,PT Lion Metal Works Tbk
LIVE.JK,Homeco Victoria Makmur Tbk.
LMAX.JK,PT Lupromax Pelumas Indonesia Tbk
LMPI.JK,PT Langgeng Makmur Industri Tbk
LOPI.JK,PT Logisticsplus International Tbk
LPCK.JK,PT Lippo Cikarang Tbk
LPGI.JK,PT Lippo General Insurance Tbk
LPIN.JK,PT Multi Prima Sejahtera Tbk
LPKR.JK,PT Lippo Karawaci Tbk
LPLI.JK,PT Star Pacific Tbk
LPPF.JK,PT MDS Retailing Tbk
LPPS.JK,PT Lenox Pasifik Investama Tbk
LRNA.JK,PT Eka Sari Lorena Transport Tbk
LSIP.JK,PT Perusahaan Perkebunan London Sumatra Indonesia Tbk
LTLS.JK,PT Lautan Luas Tbk
LUCK.JK,PT Sentral Mitra Informatika Tbk
LUCY.JK,PT Lima Dua Lima Tiga Tbk
MAHA.JK,PT Mandiri Herindo Adiperkasa Tbk
MAIN.JK,PT Malindo Feedmill Tbk
MANG.JK,Manggung Polahraya Tbk.
MAPA.JK,PT Map Aktif Adiperkasa Tbk
MAPB.JK,PT Map Boga Adiperkasa Tbk
MAPI.JK,PT. Mitra Adiperkasa Tbk
MARI.JK,PT Mahaka Radio Integra Tbk
MARK.JK,PT Mark Dynamics Indonesia Tbk
MASB.JK,PT Bank Multiarta Sentosa Tbk
MAXI.JK,PT Maxindo Karya Anugerah Tbk
MAYA.JK,PT Bank Mayapada Internasional Tbk
MBAP.JK,PT Mitrabara Adiperdana Tbk
MBMA.JK,PT Merdeka Battery Materials Tbk.
MBSS.JK,PT Mitrabahtera Segara Sejati Tbk
MBTO.JK,PT Martina Berto Tbk
MCAS.JK,PT M Cash Integrasi Tbk
MCOL.JK,PT Prima Andalan Mandiri Tbk
MCOR.JK,PT Bank China Construction Bank Indonesia Tbk
MDIA.JK,PT Intermedia Capital Tbk
MDIY.JK,Daya Intiguna Yasa Tbk.
MDKA.JK,PT Merdeka Copper Gold Tbk
MDKI.JK,PT Emdeki Utama Tbk
MDLA.JK,Medela Potentia Tbk.
MDLN.JK,PT Modernland Realty Tbk
MDRN.JK,PT Modern Internasional Tbk
MEDC.JK,PT Medco Energi Internasional Tbk
MEDS.JK,PT Hetzer Medical Indonesia Tbk
MEGA.JK,PT Bank Mega Tbk
MEJA.JK,Harta Djaya Karya Tbk.
MERI.JK,Merry Riana Edukasi Tbk.
MERK.JK,PT Merck Tbk
MGLV.JK,PT Panca Anugrah Wisesa Tbk
MGNA.JK,PT Magna Investama Mandiri Tbk
MGRO.JK,PT Mahkota Group Tbk
MHKI.JK,Multi Hanna Kreasindo Tbk.
MICE.JK,PT Multi Indocitra Tbk
MIDI.JK,PT Midi Utama Indonesia Tbk
MIKA.JK,PT Mitra Keluarga Karyasehat Tbk
MINA.JK,PT Sanurhasta Mitra Tbk
MINE.JK,Sinar Terang Mandiri Tbk.
MIRA.JK,PT Mitra International Resources Tbk
MITI.JK,PT Mitra Investindo Tbk
MKAP.JK,Multikarya Asia Pasifik Raya Tb
MKPI.JK,PT Metropolitan Kentjana Tbk
MKTR.JK,PT Menthobi Karyatama Raya Tbk
MLBI.JK,PT Multi Bintang Indonesia Tbk
MLIA.JK,PT Mulia Industrindo Tbk
MLPL.JK,PT Multipolar Tbk
MLPT.JK,PT Multipolar Technology Tbk
MMIX.JK,PT Multi Medika Internasional Tbk
MMLP.JK,PT Mega Manunggal Property Tbk
MNCN.JK,PT. Media Nusantara Citra Tbk
MOLI.JK,PT Madusari Murni Indah Tbk
MORA.JK,PT Mora Telematika Indonesia Tbk
MPIX.JK,Mitra Pedagang Indonesia Tbk.
MPMX.JK,PT Mitra Pinasthika Mustika Tbk
MPOW.JK,PT Megapower Makmur Tbk
MPPA.JK,PT Matahari Putra Prima Tbk
MPRO.JK,PT Maha Properti Indonesia Tbk
MPXL.JK,PT MPX Logistics International Tbk
MRAT.JK,PT Mustika Ratu Tbk
MREI.JK,PT Maskapai Reasuransi Indonesia Tbk
MSIE.JK,PT Multisarana Intan Eduka Tbk
MSIN.JK,PT MNC Digital Entertainment Tbk
MSJA.JK,Multi Spunindo Jaya Tbk.
MSKY.JK,PT MNC Sky Vision Tbk
MSTI.JK,Mastersystem Infotama Tbk.
MTDL.JK,PT Metrodata Electronics Tbk
MTEL.JK,PT Dayamitra Telekomunikasi Tbk.
MTFN.JK,PT Capitalinc Investment Tbk
MTLA.JK,PT Metropolitan Land Tbk
MTMH.JK,PT Murni Sadar Tbk
MTWI.JK,PT Malacca Trust Wuwungan Insurance Tbk
MUTU.JK,PT Mutuagung Lestari Tbk
MYOH.JK,PT Samindo Resources Tbk
MYOR.JK,PT Mayora Indah Tbk
MYTX.JK,Asia Pacific Investama Tbk.
NAIK.JK,Adiwarna Anugerah Abadi Tbk.
NANO.JK,PT Nanotech Indonesia Global Tbk
NASA.JK,PT Andalan Perkasa Abadi Tbk
NASI.JK,PT Wahana Inti Makmur Tbk
NATO.JK,PT Surya Permata Andalan Tbk
NAYZ.JK,PT Hassana Boga Sejahtera Tbk
NCKL.JK,PT Trimegah Bangun Persada Tbk
NELY.JK,PT Pelayaran Nelly Dwi Putri Tbk
NEST.JK,Esta Indonesia Tbk.
NETV.JK,PT MDTV Media Technologies Tbk
NFCX.JK,PT NFC Indonesia Tbk
NICE.JK,Adhi Kartiko Pratama Tbk.
NICK.JK,PT Charnic Capital Tbk
NICL.JK,PT PAM Mineral Tbk
NIKL.JK,PT Pelat Timah Nusantara Tbk
NINE.JK,PT Techno9 Indonesia Tbk
NIRO.JK,PT City Retail Developments Tbk
NISP.JK,PT Bank OCBC NISP Tbk
NOBU.JK,PT Bank Nationalnobu Tbk
NPGF.JK,PT Nusa Palapa Gemilang Tbk
NRCA.JK,PT Nusa Raya Cipta Tbk
NSSS.JK,PT Nusantara Sawit Sejahtera Tbk
NTBK.JK,PT Nusatama Berkah Tbk
NZIA.JK,PT Nusantara Almazia Tbk
OASA.JK,PT Maharaksa Biru Energi Tbk
OBAT.JK,Brigit Biofarmaka Teknologi Tbk
OBMD.JK,PT OBM Drilchem Tbk
OILS.JK,PT Indo Oil Perkasa Tbk
OKAS.JK,PT Ancora Indonesia Resources Tbk
OLIV.JK,PT Oscar Mitra Sukses Sejahtera Tbk
OMED.JK,PT Jayamas Medica Industri Tbk
OMRE.JK,PT Indonesia Prima Property Tbk
OPMS.JK,PT Optima Prima Metal Sinergi Tbk
PACK.JK,PT Abadi Nusantara Hijau Investama Tbk
PADA.JK,PT Personel Alih Daya Tbk
PADI.JK,PT Minna Padi Investama Sekuritas Tbk
PALM.JK,PT Provident Investasi Bersama Tbk
PAMG.JK,PT Bima Sakti Pertiwi Tbk
PANI.JK,PT Pantai Indah Kapuk Dua Tbk
PANR.JK,PT Panorama Sentrawisata Tbk
PANS.JK,PT Panin Sekuritas Tbk
PART.JK,Cipta Perdana Lancar Tbk.
PBID.JK,PT Panca Budi Idaman Tbk
PBRX.JK,PT Pan Brothers Tbk
PBSA.JK,PT Paramita Bangun Sarana Tbk
PCAR.JK,PT Prima Cakrawala Abadi Tbk
PDES.JK,PT Destinasi Tirta Nusantara Tbk
PDPP.JK,PT Primadaya Plastisindo Tbk
PEGE.JK,PT Panca Global Kapital Tbk
PEHA.JK,PT Phapros Tbk
PEVE.JK,PT. Penta Valent Tbk
PGAS.JK,PT Perusahaan Gas Negara (Persero) Tbk
PGEO.JK,PT Pertamina Geothermal Energy Tbk
PGJO.JK,PT Bahtera Bumi Raya Tbk
PGLI.JK,PT Pembangunan Graha Lestari Indah Tbk
PGUN.JK,PT Pradiksi Gunatama Tbk
PICO.JK,PT Pelangi Indah Canindo Tbk
PIPA.JK,PT. Multi Makmur Lemindo
PJAA.JK,PT Pembangunan Jaya Ancol Tbk
PJHB.JK,Pelayaran Jaya Hidup Baru Tbk.
PKPK.JK,PT Paragon Karya Perkasa Tbk
PLAN.JK,PT Planet Properindo Jaya Tbk
PMJS.JK,PT Putra Mandiri Jembar Tbk
PMUI.JK,Prima Multi Usaha Indonesia Tbk
PNBN.JK,PT Bank Pan Indonesia Tbk
PNBS.JK,PT Bank Panin Dubai Syariah Tbk
PNGO.JK,PT PINAGO UTAMA Tbk
PNIN.JK,PT Paninvest Tbk
PNLF.JK,PT Panin Financial Tbk
PNSE.JK,PT Pudjiadi and Sons Tbk
POLA.JK,PT Pool Advista Finance Tbk
POLI.JK,PT Pollux Hotels Group Tbk
POLU.JK,PT Golden Flower Tbk
PORT.JK,PT Nusantara Pelabuhan Handal Tbk
POWR.JK,PT Cikarang Listrindo Tbk
PPGL.JK,PT Prima Globalindo Logistik Tbk
PPRE.JK,PT PP Presisi Tbk
PPRI.JK,PT Paperocks Indonesia Tbk
PPRO.JK,PT Pembangunan Perumahan Properti Tbk
PRAY.JK,PT Famon Awal Bros Sedaya Tbk
PRDA.JK,PT Prodia Widyahusada Tbk
PRIM.JK,PT Royal Prima Tbk
PSAB.JK,PT J Resources Asia Pasifik Tbk
PSAT.JK,Pancaran Samudera Transport Tbk
PSDN.JK,PT Prasidha Aneka Niaga Tbk
PSGO.JK,PT Palma Serasih Tbk
PSKT.JK,PT Red Planet Indonesia Tbk
PSSI.JK,PT IMC Pelita Logistik Tbk
PTBA.JK,PT Bukit Asam (Persero) Tbk
PTIS.JK,PT Indo Straits Tbk
PTMP.JK,PT Mitra Pack Tbk
PTPP.JK,PT PP (Persero) Tbk
PTPS.JK,PT Pulau Subur Tbk
PTPW.JK,PT Pratama Widya Tbk
PTRO.JK,PT Petrosea Tbk
PTSN.JK,PT Sat Nusapersada Tbk
PTSP.JK,PT Pioneerindo Gourmet International Tbk
PUDP.JK,PT Pudjiadi Prestige Tbk
PURA.JK,PT Putra Rajawali Kencana Tbk
PURI.JK,PT Puri Global Sukses Tbk
PWON.JK,PT Pakuwon Jati Tbk
PYFA.JK,PT Pyridam Farma Tbk
PZZA.JK,PT Sarimelati Kencana Tbk
RAAM.JK,PT Tripar Multivision Plus Tbk
RAJA.JK,PT Rukun Raharja Tbk
RALS.JK,PT Ramayana Lestari Sentosa Tbk
RANC.JK,PT Supra Boga Lestari Tbk
RATU.JK,Raharja Energi Cepu Tbk.
RBMS.JK,PT Ristia Bintang Mahkotasejati Tbk
RCCC.JK,PT Utama Radar Cahaya Tbk
RDTX.JK,PT Roda Vivatex Tbk
REAL.JK,PT Repower Asia Indonesia Tbk
RELF.JK,PT Graha Mitra Asia Tbk
RELI.JK,PT Reliance Sekuritas Indonesia Tbk
RGAS.JK,Kian Santang Muliatama Tbk.
RICY.JK,PT Ricky Putra Globalindo Tbk
RIGS.JK,PT Rig Tenders Indonesia Tbk
RISE.JK,PT Jaya Sukses Makmur Sentosa Tbk
RLCO.JK,Abadi Lestari Indonesia Tbk.
RMKE.JK,PT RMK Energy Tbk
RMKO.JK,PT Royaltama Mulia Kontraktorindo Tbk
ROCK.JK,PT Rockfields Properti Indonesia Tbk.
RODA.JK,PT Pikko Land Development Tbk
RONY.JK,PT Aesler Grup Internasional Tbk
ROTI.JK,PT Nippon Indosari Corpindo Tbk
RSCH.JK,PT Charlie Hospital Semarang Tbk
RSGK.JK,PT Kedoya Adyaraya Tbk
RUIS.JK,PT Radiant Utama Interinsco Tbk
RUNS.JK,PT Global Sukses Solusi Tbk
SAFE.JK,PT Steady Safe Tbk
SAGE.JK,PT Saptausaha Gemilangindah Tbk
SAME.JK,PT Sarana Meditama Metropolitan Tbk
SAMF.JK,"PT Saraswanti Anugerah Makmur, Tbk"
SAPX.JK,PT Satria Antaran Prima Tbk
SATU.JK,PT Kota Satu Properti Tbk
SBMA.JK,PT Surya Biru Murni Acetylene Tbk
SCCO.JK,PT Supreme Cable Manufacturing & Commerce Tbk
SCMA.JK,PT Surya Citra Media Tbk
SCNP.JK,PT Selaras Citra Nusantara Perkasa Tbk
SDMU.JK,PT Sidomulyo Selaras Tbk
SDPC.JK,PT Millennium Pharmacon International Tbk
SDRA.JK,PT Bank Woori Saudara Indonesia 1906 Tbk
SEMA.JK,PT Semacom Integrated Tbk
SFAN.JK,PT Surya Fajar Capital Tbk
SGER.JK,PT Sumber Global Energy Tbk
SGRO.JK,PT Prime Agri Resources Tbk
SHID.JK,PT Hotel Sahid Jaya International Tbk
SHIP.JK,PT Sillo Maritime Perdana Tbk
SICO.JK,PT Sigma Energy Compressindo Tbk
SIDO.JK,PT Industri Jamu dan Farmasi Sido Muncul Tbk
SILO.JK,PT Siloam International Hospitals Tbk
SIMP.JK,PT Salim Ivomas Pratama Tbk
SINI.JK,PT Singaraja Putra Tbk
SIPD.JK,PT Sreeya Sewu Indonesia Tbk
SKBM.JK,PT Sekar Bumi Tbk
SKLT.JK,PT Sekar Laut Tbk
SKRN.JK,PT Superkrane Mitra Utama Tbk
SLIS.JK,PT Gaya Abadi Sempurna Tbk
SMAR.JK,PT Sinar Mas Agro Resources and Technology Tbk
SMBR.JK,PT Semen Baturaja (Persero) Tbk
SMDM.JK,PT Suryamas Dutamakmur Tbk
SMDR.JK,PT Samudera Indonesia Tbk
SMGA.JK,Sumber Mineral Global Abadi Tbk
SMGR.JK,PT Semen Indonesia (Persero) Tbk
SMIL.JK,PT Sarana Mitra Luas Tbk
SMKL.JK,PT Satyamitra Kemas Lestari Tbk
SMKM.JK,PT Sumber Mas Konstruksi Tbk
SMLE.JK,Sinergi Multi Lestarindo Tbk.
SMMA.JK,PT Sinar Mas Multiartha Tbk
SMMT.JK,PT Golden Eagle Energy Tbk
SMRA.JK,PT Summarecon Agung Tbk
SMSM.JK,PT Selamat Sempurna Tbk
SNLK.JK,PT Sunter Lakeside Hotel Tbk
SOCI.JK,PT Soechi Lines Tbk
SOFA.JK,PT Solusi Environment Asia Tbk
SOHO.JK,PT Soho Global Health Tbk
SOLA.JK,Xolare RCR Energy Tbk.
SONA.JK,PT Sona Topas Tourism Industry Tbk
SOSS.JK,PT Shield On Service Tbk
SOTS.JK,PT Satria Mega Kencana Tbk
SOUL.JK,PT Mitra Tirta Buwana Tbk
SPMA.JK,PT Suparma Tbk
SPRE.JK,Soraya Berjaya Indonesia Tbk.
SPTO.JK,PT Surya Pertiwi Tbk
SQMI.JK,PT Wilton Makmur Indonesia Tbk.
SRAJ.JK,PT Sejahteraraya Anugrahjaya Tbk
SRSN.JK,PT Indo Acidatama Tbk
SRTG.JK,PT Saratoga Investama Sedaya Tbk
SSIA.JK,PT Surya Semesta Internusa Tbk
SSMS.JK,PT Sawit Sumbermas Sarana Tbk.
SSTM.JK,PT Sunson Textile Manufacturer Tbk
STAA.JK,PT Sumber Tani Agung Resources Tbk
STAR.JK,PT Buana Artha Anugerah Tbk
STRK.JK,PT Lovina Beach Brewery Tbk
STTP.JK,PT Siantar Top Tbk
SULI.JK,PT SLJ Global Tbk
SUNI.JK,PT Sunindo Pratama Tbk
SUPA.JK,PT Super Bank Indonesia Tbk
SURE.JK,PT Super Energy Tbk
SURI.JK,Maja Agung Latexindo Tbk.
SWID.JK,PT Saraswanti Indoland Development Tbk
TALF.JK,PT Tunas Alfin Tbk
TAMA.JK,PT Lancartama Sejati Tbk
TAMU.JK,PT Pelayaran Tamarin Samudra Tbk
TAPG.JK,PT Triputra Agro Persada Tbk
TARA.JK,PT Agung Semesta Sejahtera Tbk
TAXI.JK,PT Express Transindo Utama Tbk
TAYS.JK,PT Jaya Swarasa Agung Tbk
TBIG.JK,PT Tower Bersama Infrastructure Tbk
TBLA.JK,PT Tunas Baru Lampung Tbk
TBMS.JK,PT Tembaga Mulia Semanan Tbk
TCID.JK,PT. Mandom Indonesia Tbk
TCPI.JK,PT Transcoal Pacific Tbk
TEBE.JK,PT Dana Brata Luhur Tbk
TFAS.JK,PT Telefast Indonesia Tbk
TFCO.JK,PT Tifico Fiber Indonesia Tbk
TGKA.JK,PT Tigaraksa Satria Tbk
TIFA.JK,PT KDB Tifa Finance Tbk
TINS.JK,PT TIMAH Tbk
TIRA.JK,PT Tira Austenite Tbk
TIRT.JK,PT Tirta Mahakam Resources Tbk
TKIM.JK,PT Pabrik Kertas Tjiwi Kimia Tbk
TLDN.JK,PT Teladan Prima Agro Tbk
TLKM.JK,Perusahaan Perseroan (Persero) PT Telekomunikasi Indonesia Tbk
TMAS.JK,PT Temas Tbk.
TMPO.JK,PT Tempo Inti Media Tbk
TNCA.JK,PT Trimuda Nuansa Citra Tbk
TOBA.JK,PT TBS Energi Utama Tbk
TOOL.JK,PT Rohartindo Nusantara Luas Tbk
TOSK.JK,Topindo Solusi Komunika Tbk.
TOTL.JK,PT Total Bangun Persada Tbk
TOTO.JK,PT Surya Toto Indonesia Tbk
TOWR.JK,PT Sarana Menara Nusantara Tbk.
TPIA.JK,PT Chandra Asri Pacific Tbk
TPMA.JK,PT Trans Power Marine Tbk
TRGU.JK,PT Cerestar Indonesia Tbk
TRIM.JK,PT Trimegah Sekuritas Indonesia Tbk
TRIN.JK,PT Perintis Triniti Properti Tbk
TRIS.JK,PT Trisula International Tbk
TRJA.JK,PT Transkon Jaya Tbk
TRON.JK,PT Teknologi Karya Digital Nusa Tbk
TRST.JK,PT Trias Sentosa Tbk
TRUE.JK,PT Triniti Dinamik Tbk
TRUK.JK,PT Guna Timur Raya Tbk
TRUS.JK,PT Trust Finance Indonesia Tbk
TSPC.JK,PT Tempo Scan Pacific Tbk
TUGU.JK,PT Asuransi Tugu Pratama Indonesia Tbk
TYRE.JK,PT King Tire Indonesia Tbk
UANG.JK,PT Pakuan Tbk
UCID.JK,PT Uni-Charm Indonesia Tbk
UDNG.JK,Agro Bahari Nusantara Tbk.
UFOE.JK,PT Damai Sejahtera Abadi Tbk
ULTJ.JK,PT Ultrajaya Milk Industry & Trading Company Tbk
UNIC.JK,PT Unggul Indah Cahaya Tbk
UNIQ.JK,PT Ulima Nitra Tbk
UNSP.JK,PT Bakrie Sumatera Plantations Tbk
UNTD.JK,Terang Dunia Internusa Tbk.
UNTR.JK,PT United Tractors Tbk
UNVR.JK,PT Unilever Indonesia Tbk
URBN.JK,PT Urban Jakarta Propertindo Tbk.
UVCR.JK,PT Trimegah Karya Pratama Tbk
VAST.JK,PT Vastland Indonesia Tbk
VERN.JK,Verona Indah Pictures Tbk.
VICI.JK,PT Victoria Care Indonesia Tbk
VICO.JK,PT Victoria Investama Tbk
VINS.JK,PT Victoria Insurance Tbk
VISI.JK,Satu Visi Putra Tbk.
VIVA.JK,PT Visi Media Asia Tbk
VKTR.JK,PT VKTR Teknologi Mobilitas Tbk
VOKS.JK,PT Voksel Electric Tbk
VRNA.JK,PT Mizuho Leasing Indonesia Tbk
VTNY.JK,PT Venteny Fortuna International Tbk
WAPO.JK,PT Wahana Pronatural Tbk
WBSA.JK,BSA Logistics Indonesia Tbk.
WEGE.JK,PT Wijaya Karya Bangunan Gedung Tbk
WEHA.JK,PT WEHA Transportasi Indonesia Tbk
WGSH.JK,PT Wira Global Solusi Tbk
WIDI.JK,PT Widiant Jaya Krenindo Tbk
WIFI.JK,PT Solusi Sinergi Digital Tbk
WIIM.JK,PT Wismilak Inti Makmur Tbk
WINE.JK,PT HATTEN BALI Tbk
WINR.JK,PT Winner Nusantara Jaya Tbk
WINS.JK,PT Wintermar Offshore Marine Tbk
WIRG.JK,PT WIR ASIA Tbk
WMPP.JK,PT Widodo Makmur Perkasa Tbk
WMUU.JK,PT Widodo Makmur Unggas Tbk
WOMF.JK,PT Wahana Ottomitra Multiartha Tbk
WOOD.JK,PT Integra Indocabinet Tbk
WOWS.JK,PT Ginting Jaya Energi Tbk
WSBP.JK,PT Waskita Beton Precast Tbk
WTON.JK,PT Wijaya Karya Beton Tbk
YELO.JK,PT Yelooo Integra Datanet Tbk
YOII.JK,PT Asuransi Digital Bersama TBK
YPAS.JK,PT Yanaprima Hastapersada Tbk
YULE.JK,PT Yulie Sekuritas Indonesia Tbk
YUPI.JK,Yupi Indo Jelly Gum Tbk.
ZATA.JK,PT Bersama Zatta Jaya Tbk
ZONE.JK,PT Mega Perintis Tbk
ZYRX.JK,PT Zyrexindo Mandiri Buana Tbk
